slug,area_name,filename,status
ALPINE,Alpine,LOCAL_MUNICIPALITY_RESTRICTION_MAP_ALPINE.pdf,ok
ARARAT_NORTH,Ararat North,LOCAL_MUNICIPALITY_RESTRICTION_MAP_ARARAT_NORTH.pdf,ok
ARARAT_SOUTH,Ararat South,LOCAL_MUNICIPALITY_RESTRICTION_MAP_ARARAT_SOUTH.pdf,ok
BALLARAT,Ballarat,LOCAL_MUNICIPALITY_RESTRICTION_MAP_BALLARAT.pdf,ok
BANYULE,Banyule,LOCAL_MUNICIPALITY_RESTRICTION_MAP_BANYULE.pdf,ok
BASS_COAST,Bass Coast,LOCAL_MUNICIPALITY_RESTRICTION_MAP_BASS_COAST.pdf,ok
BAW_BAW,Baw Baw,LOCAL_MUNICIPALITY_RESTRICTION_MAP_BAW_BAW.pdf,ok
BENALLA,Benalla,LOCAL_MUNICIPALITY_RESTRICTION_MAP_BENALLA.pdf,ok
BOROUGH_OF_QUEENSCLIFFE,Borough Of Queenscliffe,LOCAL_MUNICIPALITY_RESTRICTION_MAP_BOROUGH_OF_QUEENSCLIFFE.pdf,ok
BULOKE_NORTH,Buloke North,LOCAL_MUNICIPALITY_RESTRICTION_MAP_BULOKE_NORTH.pdf,ok
BULOKE_SOUTH,Buloke South,LOCAL_MUNICIPALITY_RESTRICTION_MAP_BULOKE_SOUTH.pdf,ok
CAMPASPE,Campaspe,LOCAL_MUNICIPALITY_RESTRICTION_MAP_CAMPASPE.pdf,ok
CARDINIA,Cardinia,LOCAL_MUNICIPALITY_RESTRICTION_MAP_CARDINIA.pdf,ok
CASEY,Casey,LOCAL_MUNICIPALITY_RESTRICTION_MAP_CASEY.pdf,ok
CENTRAL_GOLDFIELDS,Central Goldfields,LOCAL_MUNICIPALITY_RESTRICTION_MAP_CENTRAL_GOLDFIELDS.pdf,ok
COLAC_OTWAY,Colac Otway,LOCAL_MUNICIPALITY_RESTRICTION_MAP_COLAC_OTWAY.pdf,ok
CORANGAMITE,Corangamite,LOCAL_MUNICIPALITY_RESTRICTION_MAP_CORANGAMITE.pdf,ok
EAST_GIPPSLAND,East Gippsland,LOCAL_MUNICIPALITY_RESTRICTION_MAP_EAST_GIPPSLAND.pdf,ok
FALLS_CREEK_ALPINE_RESORT,Falls Creek Alpine Resort,LOCAL_MUNICIPALITY_RESTRICTION_MAP_FALLS_CREEK_ALPINE_RESORT.pdf,ok
FRANKSTON,Frankston,LOCAL_MUNICIPALITY_RESTRICTION_MAP_FRANKSTON.pdf,ok
FRENCH_ISLAND,French Island,LOCAL_MUNICIPALITY_RESTRICTION_MAP_FRENCH_ISLAND.pdf,ok
GANNAWARRA,Gannawarra,LOCAL_MUNICIPALITY_RESTRICTION_MAP_GANNAWARRA.pdf,ok
GLENELG,Glenelg,LOCAL_MUNICIPALITY_RESTRICTION_MAP_GLENELG.pdf,ok
GOLDEN_PLAINS,Golden Plains,LOCAL_MUNICIPALITY_RESTRICTION_MAP_GOLDEN_PLAINS.pdf,ok
GREATER_BENDIGO,Greater Bendigo,LOCAL_MUNICIPALITY_RESTRICTION_MAP_GREATER_BENDIGO.pdf,ok
GREATER_DANDENONG,Greater Dandenong,LOCAL_MUNICIPALITY_RESTRICTION_MAP_GREATER_DANDENONG.pdf,ok
GREATER_GEELONG,Greater Geelong,LOCAL_MUNICIPALITY_RESTRICTION_MAP_GREATER_GEELONG.pdf,ok
GREATER_SHEPPARTON,Greater Shepparton,LOCAL_MUNICIPALITY_RESTRICTION_MAP_GREATER_SHEPPARTON.pdf,ok
HEPBURN,Hepburn,LOCAL_MUNICIPALITY_RESTRICTION_MAP_HEPBURN.pdf,ok
HINDMARSH_NORTH,Hindmarsh North,LOCAL_MUNICIPALITY_RESTRICTION_MAP_HINDMARSH_NORTH.pdf,ok
HINDMARSH_SOUTH,Hindmarsh South,LOCAL_MUNICIPALITY_RESTRICTION_MAP_HINDMARSH_SOUTH.pdf,ok
HORSHAM_NORTH,Horsham North,LOCAL_MUNICIPALITY_RESTRICTION_MAP_HORSHAM_NORTH.pdf,ok
HORSHAM_SOUTH,Horsham South,LOCAL_MUNICIPALITY_RESTRICTION_MAP_HORSHAM_SOUTH.pdf,ok
HUME,Hume,LOCAL_MUNICIPALITY_RESTRICTION_MAP_HUME.pdf,ok
INDIGO_NORTH_WEST,Indigo North West,LOCAL_MUNICIPALITY_RESTRICTION_MAP_INDIGO_NORTH_WEST.pdf,ok
INDIGO_SOUTH_EAST,Indigo South East,LOCAL_MUNICIPALITY_RESTRICTION_MAP_INDIGO_SOUTH_EAST.pdf,ok
KINGSTON,Kingston,LOCAL_MUNICIPALITY_RESTRICTION_MAP_KINGSTON.pdf,ok
KNOX,Knox,LOCAL_MUNICIPALITY_RESTRICTION_MAP_KNOX.pdf,ok
LATROBE,Latrobe,LOCAL_MUNICIPALITY_RESTRICTION_MAP_LATROBE.pdf,ok
LODDON,Loddon,LOCAL_MUNICIPALITY_RESTRICTION_MAP_LODDON.pdf,ok
MACEDON_RANGES,Macedon Ranges,LOCAL_MUNICIPALITY_RESTRICTION_MAP_MACEDON_RANGES.pdf,ok
MANNINGHAM,Manningham,LOCAL_MUNICIPALITY_RESTRICTION_MAP_MANNINGHAM.pdf,ok
MANSFIELD,Mansfield,LOCAL_MUNICIPALITY_RESTRICTION_MAP_MANSFIELD.pdf,ok
MAROONDAH,Maroondah,LOCAL_MUNICIPALITY_RESTRICTION_MAP_MAROONDAH.pdf,ok
MELTON,Melton,LOCAL_MUNICIPALITY_RESTRICTION_MAP_MELTON.pdf,ok
MILDURA,Mildura,LOCAL_MUNICIPALITY_RESTRICTION_MAP_MILDURA.pdf,ok
MITCHELL,Mitchell,LOCAL_MUNICIPALITY_RESTRICTION_MAP_MITCHELL.pdf,ok
MOIRA,Moira,LOCAL_MUNICIPALITY_RESTRICTION_MAP_MOIRA.pdf,ok
MOORABOOL,Moorabool,LOCAL_MUNICIPALITY_RESTRICTION_MAP_MOORABOOL.pdf,ok
MORNINGTON_PENINSULA,Mornington Peninsula,LOCAL_MUNICIPALITY_RESTRICTION_MAP_MORNINGTON_PENINSULA.pdf,ok
MOUNT_ALEXANDER,Mount Alexander,LOCAL_MUNICIPALITY_RESTRICTION_MAP_MOUNT_ALEXANDER.pdf,ok
MOUNT_BULLER_ALPINE_RESORT,Mount Buller Alpine Resort,LOCAL_MUNICIPALITY_RESTRICTION_MAP_MOUNT_BULLER_ALPINE_RESORT.pdf,ok
MOUNT_HOTHAM_ALPINE_RESORT,Mount Hotham Alpine Resort,LOCAL_MUNICIPALITY_RESTRICTION_MAP_MOUNT_HOTHAM_ALPINE_RESORT.pdf,ok
MOUNT_STIRLING_ALPINE_RESORT,Mount Stirling Alpine Resort,LOCAL_MUNICIPALITY_RESTRICTION_MAP_MOUNT_STIRLING_ALPINE_RESORT.pdf,ok
MOYNE,Moyne,LOCAL_MUNICIPALITY_RESTRICTION_MAP_MOYNE.pdf,ok
MURRINDINDI,Murrindindi,LOCAL_MUNICIPALITY_RESTRICTION_MAP_MURRINDINDI.pdf,ok
NILLUMBIK,Nillumbik,LOCAL_MUNICIPALITY_RESTRICTION_MAP_NILLUMBIK.pdf,ok
NORTHERN_GRAMPIANS,Northern Grampians,LOCAL_MUNICIPALITY_RESTRICTION_MAP_NORTHERN_GRAMPIANS.pdf,ok
PYRENEES_NORTH,Pyrenees North,LOCAL_MUNICIPALITY_RESTRICTION_MAP_PYRENEES_NORTH.pdf,ok
PYRENEES_SOUTH,Pyrenees South,LOCAL_MUNICIPALITY_RESTRICTION_MAP_PYRENEES_SOUTH.pdf,ok
SOUTHERN_GRAMPIANS_CENTRAL,Southern Grampians Central,LOCAL_MUNICIPALITY_RESTRICTION_MAP_SOUTHERN_GRAMPIANS_CENTRAL.pdf,ok
SOUTHERN_GRAMPIANS_NORTH,Southern Grampians North,LOCAL_MUNICIPALITY_RESTRICTION_MAP_SOUTHERN_GRAMPIANS_NORTH.pdf,ok
SOUTHERN_GRAMPIANS_SOUTH,Southern Grampians South,LOCAL_MUNICIPALITY_RESTRICTION_MAP_SOUTHERN_GRAMPIANS_SOUTH.pdf,ok
SOUTH_GIPPSLAND,South Gippsland,LOCAL_MUNICIPALITY_RESTRICTION_MAP_SOUTH_GIPPSLAND.pdf,ok
STRATHBOGIE,Strathbogie,LOCAL_MUNICIPALITY_RESTRICTION_MAP_STRATHBOGIE.pdf,ok
SURF_COAST,Surf Coast,LOCAL_MUNICIPALITY_RESTRICTION_MAP_SURF_COAST.pdf,ok
SWAN_HILL,Swan Hill,LOCAL_MUNICIPALITY_RESTRICTION_MAP_SWAN_HILL.pdf,ok
TOWONG,Towong,LOCAL_MUNICIPALITY_RESTRICTION_MAP_TOWONG.pdf,ok
WANGARATTA_NORTH_WEST,Wangaratta North West,LOCAL_MUNICIPALITY_RESTRICTION_MAP_WANGARATTA_NORTH_WEST.pdf,ok
WANGARATTA_SOUTH_EAST,Wangaratta South East,LOCAL_MUNICIPALITY_RESTRICTION_MAP_WANGARATTA_SOUTH_EAST.pdf,ok
WARRNAMBOOL,Warrnambool,LOCAL_MUNICIPALITY_RESTRICTION_MAP_WARRNAMBOOL.pdf,ok
WELLINGTON,Wellington,LOCAL_MUNICIPALITY_RESTRICTION_MAP_WELLINGTON.pdf,ok
WEST_WIMMERA_NORTH,West Wimmera North,LOCAL_MUNICIPALITY_RESTRICTION_MAP_WEST_WIMMERA_NORTH.pdf,ok
WEST_WIMMERA_SOUTH,West Wimmera South,LOCAL_MUNICIPALITY_RESTRICTION_MAP_WEST_WIMMERA_SOUTH.pdf,ok
WHITTLESEA,Whittlesea,LOCAL_MUNICIPALITY_RESTRICTION_MAP_WHITTLESEA.pdf,ok
WODONGA,Wodonga,LOCAL_MUNICIPALITY_RESTRICTION_MAP_WODONGA.pdf,ok
WYNDHAM,Wyndham,LOCAL_MUNICIPALITY_RESTRICTION_MAP_WYNDHAM.pdf,ok
YARRA_RANGES,Yarra Ranges,LOCAL_MUNICIPALITY_RESTRICTION_MAP_YARRA_RANGES.pdf,ok
YARRIAMBIACK_CENTRAL,Yarriambiack Central,LOCAL_MUNICIPALITY_RESTRICTION_MAP_YARRIAMBIACK_CENTRAL.pdf,ok
YARRIAMBIACK_NORTH,Yarriambiack North,LOCAL_MUNICIPALITY_RESTRICTION_MAP_YARRIAMBIACK_NORTH.pdf,ok
YARRIAMBIACK_SOUTH,Yarriambiack South,LOCAL_MUNICIPALITY_RESTRICTION_MAP_YARRIAMBIACK_SOUTH.pdf,ok
